CREATE TABLE sleep_data (
    user_id VARCHAR(20),
    sleep_start_timestamp DATETIME,
    sleep_end_timestamp DATETIME,
    duration_minutes INT,
    sleep_latency_minutes INT,
    wake_after_sleep_onset_minutes INT,
    sleep_efficiency_pct FLOAT,
    sleep_score INT,
    daily_label VARCHAR(10),
    sleep_stage_deep_pct FLOAT,
    sleep_stage_light_pct FLOAT,
    sleep_stage_rem_pct FLOAT,
    sleep_stage_awake_pct FLOAT,
    heart_rate_mean_bpm FLOAT,
    heart_rate_min_bpm FLOAT,
    heart_rate_max_bpm FLOAT,
    hrv_rmssd_ms FLOAT,
    respiration_rate_bpm FLOAT,
    spo2_mean_pct FLOAT,
    spo2_min_pct FLOAT,
    movement_count INT,
    snore_events INT
);

CREATE TABLE activity_data (
    date DATE,
    weekday VARCHAR(10),
    steps INT,
    distance INT,
    runDistance INT,
    calories INT
);

CREATE TABLE wellbeing_data (
    user_id VARCHAR(20),
    age INT,
    gender VARCHAR(20),
    occupation VARCHAR(20),
    work_mode VARCHAR(20),
    screen_time_hours FLOAT,
    work_screen_hours FLOAT,
    leisure_screen_hours FLOAT,
    sleep_hours FLOAT,
    sleep_quality_1_5 INT,
    stress_level_0_10 FLOAT,
    productivity_0_100 FLOAT,
    exercise_minutes_per_week INT,
    social_hours_per_week FLOAT,
    mental_wellness_index_0_100 FLOAT
);

CREATE TABLE daily_mood_log (
    date DATE,
    time VARCHAR(20),
    sub_mood VARCHAR(30),
    activities TEXT,
    mood VARCHAR(20),
    rating INT
);


INSERT INTO sleep_data (
    user_id,
    sleep_start_timestamp,
    sleep_end_timestamp,
    duration_minutes,
    sleep_latency_minutes,
    wake_after_sleep_onset_minutes,
    sleep_efficiency_pct,
    sleep_score,
    daily_label,
    sleep_stage_deep_pct,
    sleep_stage_light_pct,
    sleep_stage_rem_pct,
    sleep_stage_awake_pct,
    heart_rate_mean_bpm,
    heart_rate_min_bpm,
    heart_rate_max_bpm,
    hrv_rmssd_ms,
    respiration_rate_bpm,
    spo2_mean_pct,
    spo2_min_pct,
    movement_count,
    snore_events
) VALUES
('user_00332','2025-09-17 23:30','2025-09-18 06:55',445,2,15,96.2,59,'fair',15.6,53.3,15.8,15.3,62.3,54.3,71.3,31.1,14.4,96.7,94.5,29,0),
('user_00677','2025-09-18 23:30','2025-09-19 04:25',295,18,1,93.6,61,'fair',20.6,52,16.5,11,60.6,51.4,74.6,36.9,15.5,96.1,96.1,25,1),
('user_01815','2025-09-19 23:30','2025-09-20 06:45',435,6,50,87.1,58,'fair',20,49.3,22.3,8.4,65.4,61.1,72.9,23.2,13.3,96.8,95.2,34,3),
('user_00488','2025-09-20 23:30','2025-09-21 07:16',466,10,12,95.3,53,'fair',13.3,52.9,17.1,16.6,57.3,55.3,70.6,5,13,99.2,97.8,32,1),
('user_00498','2025-09-21 23:30','2025-09-22 05:42',372,1,2,99.2,60,'fair',22,50.7,21.1,6.3,50.1,47,54.8,39.6,13.8,99,98.1,24,0),
('user_01971','2025-09-22 23:30','2025-09-23 06:26',416,5,14,95.4,60,'fair',16,57.2,15.9,10.9,74.9,67.8,83.5,44.3,15.1,97.2,95.9,33,1),
('user_01609','2025-09-23 23:30','2025-09-24 06:46',436,7,45,88.1,52,'fair',18.2,61.6,19.7,0.4,43.4,42.4,53.3,21.6,13,98.1,96.3,34,0),
('user_01637','2025-09-24 23:30','2025-09-25 07:55',505,6,20,94.9,52,'fair',16.5,51.4,17.6,14.4,55.4,47.9,62.3,36.2,12.2,97.7,95.8,39,0),
('user_00093','2025-09-25 23:30','2025-09-26 07:35',485,4,26,93.8,67,'fair',17.8,56.1,17.6,8.5,58.6,52.8,64.6,42.9,13.3,98.6,98.4,28,1),
('user_01063','2025-09-26 23:30','2025-09-27 05:27',357,6,1,98,58,'fair',16.8,58.6,10.2,14.3,41.6,38,47.4,34.5,13.8,96,94.6,26,2),
('user_01232','2025-09-27 23:30','2025-09-28 06:47',432,4,20,94.4,67,'fair',16.9,40,20,23.1,48.5,40.3,55.6,34.9,14,97.2,97,40,2),
('user_01485','2025-09-28 23:30','2025-09-29 07:03',458,13,34,89.7,48,'poor',22.2,45.2,14.8,17.8,61,52.7,67.8,28.3,13.6,95.9,93.7,28,1),
('user_01013','2025-09-29 23:30','2025-09-30 05:41',378,26,45,81.2,52,'fair',21.4,42.5,28.7,7.4,60.3,53,73.7,41.8,15.2,96.3,95.3,27,1),
('user_00304','2025-09-30 23:30','2025-10-01 06:54',464,13,29,90.9,61,'fair',22.9,54.8,20.3,2,57.7,48.8,65.4,28.5,11.9,96.8,94.6,34,2),
('user_00629','2025-10-01 23:30','2025-10-02 04:35',305,20,35,82,54,'fair',15.3,58.2,21.9,4.5,55.3,49.5,65.6,43.8,13.2,97.5,97.1,30,0),
('user_00746','2025-10-02 23:30','2025-10-03 06:45',435,0,2,99.5,61,'fair',18,49.6,27.1,5.3,73.8,64.8,77.3,37.4,14.2,99.3,99.3,36,2),
('user_01490','2025-10-03 23:30','2025-10-04 06:07',417,0,23,94.5,52,'fair',25.8,46.1,22.4,5.6,53.8,53.2,56.6,37.9,14.1,94.1,93.2,27,1),
('user_01637','2025-10-04 23:30','2025-10-05 07:29',499,23,11,93.2,60,'fair',16,59.1,19,5.9,63,58.7,70.2,38.4,14.6,95.9,94.2,27,3),
('user_01990','2025-10-05 23:30','2025-10-06 09:23',593,6,29,94.1,65,'fair',13.7,53.2,16,17.1,62.8,58.4,67.4,20.6,12.9,96.4,94.9,29,1),
('user_00308','2025-10-06 23:30','2025-10-07 05:32',362,11,36,87,53,'fair',23.9,57.5,16.6,2,52.7,49.7,55.1,12.2,14.8,96,94.2,25,4),
('user_00959','2025-10-07 23:30','2025-10-08 06:51',441,3,14,96.1,63,'fair',20.9,51.6,11.7,15.8,49.1,43.9,57.1,18.9,15.4,98.5,98.3,21,0),
('user_00722','2025-10-08 23:30','2025-10-09 05:47',377,10,2,96.8,67,'fair',10.7,56.4,29,3.8,66.5,60.7,82.5,5,11.7,97.2,95.9,23,2),
('user_00494','2025-10-09 23:30','2025-10-10 07:03',453,9,10,95.8,58,'fair',13.3,53.1,23.4,10.2,52.4,46.2,58,17.5,13.4,95.8,93.4,25,0),
('user_00100','2025-10-10 23:30','2025-10-11 06:41',431,4,2,98.6,62,'fair',18.5,40.6,13.4,27.5,55.6,50.2,66.9,36.5,13.4,96,95.4,22,2),
('user_00089','2025-10-11 23:30','2025-10-12 08:10',540,0,12,97.8,65,'fair',23,51.2,18.2,7.5,68.1,57.6,74.9,40.1,13.1,95.2,92.9,24,0),
('user_01145','2025-10-12 23:30','2025-10-13 06:52',442,13,13,94.1,54,'fair',17.4,44.7,11.8,26.1,57.9,49.5,72.4,48.4,17.9,97.2,96.9,25,0),
('user_00711','2025-10-13 23:30','2025-10-14 06:41',431,11,5,96.3,54,'fair',9.6,56.2,14.1,20,74.4,65.1,77.3,14.6,16.6,95.1,94.4,31,4),
('user_00415','2025-10-14 23:30','2025-10-15 08:02',572,11,18,94.9,56,'fair',17,52.7,16.4,13.9,49.3,44.2,56.3,13.8,12.3,96.7,95.8,27,4),
('user_01523','2025-10-15 23:30','2025-10-16 04:49',339,3,39,87.6,53,'fair',11.6,61.1,17.3,9.9,55.3,46.6,62,42.3,13.7,96.2,95.2,20,1),
('user_00885','2025-10-16 23:30','2025-10-17 08:17',507,35,5,92.1,54,'fair',16.9,48.6,17.6,16.9,63.7,57.1,78.4,26.5,12.6,97.4,96,27,1),
('user_00291','2025-10-17 23:30','2025-10-18 07:22',472,12,9,95.6,51,'fair',25.9,50.2,17,6.9,66.3,60,74.7,25.5,13.6,99.5,99.4,24,3),
('user_01601','2025-10-18 23:30','2025-10-19 06:01',451,4,3,98.4,62,'fair',32.2,42.1,19.1,6.6,73.3,64,83.8,39.6,12.7,97.7,96.1,26,1),
('user_00395','2025-10-19 23:30','2025-10-20 06:19',409,2,4,98.5,62,'fair',20.4,46,25.8,7.8,52.3,47.7,59.9,34.2,13.5,96.6,95.6,29,0),
('user_01819','2025-10-20 23:30','2025-10-21 07:37',487,15,5,95.9,61,'fair',32,42.8,19.7,5.4,71.5,65.7,80.2,35.1,12.6,96.1,95.7,33,0),
('user_01774','2025-10-21 23:30','2025-10-22 05:58',348,16,4,94.3,61,'fair',5.7,54.7,21.4,18.2,70.4,62.8,86.3,15.6,13.6,98.4,96.7,30,1),
('user_01060','2025-10-22 23:30','2025-10-23 06:26',416,4,0,99,53,'fair',17.1,40,13.9,29.1,64.2,59.1,69.8,21.6,15.4,97,96.1,37,0),
('user_00870','2025-10-23 23:30','2025-10-24 08:16',566,1,11,97.9,62,'fair',17.5,52.8,25.9,3.8,61.5,52.5,73.8,48,14.5,96.1,94.2,32,1),
('user_01982','2025-10-24 23:30','2025-10-25 07:29',499,2,3,99,57,'fair',11.3,63.9,19.4,5.4,41.5,33.9,49.7,39.8,14.3,97,95.2,28,0),
('user_00820','2025-10-25 23:30','2025-10-26 06:02',392,4,4,98,60,'fair',8.6,50.6,15.6,25.2,66.8,61.3,68.4,44.8,12.5,99.1,98.6,29,1),
('user_01386','2025-10-26 23:30','2025-10-27 08:19',529,1,3,99.2,63,'fair',26.5,44.5,25.5,3.6,60.3,54.6,64.3,17.6,14.2,96.7,95.5,31,1),
('user_01037','2025-10-27 23:30','2025-10-28 07:16',466,0,19,95.9,61,'fair',11.5,57.7,27.1,3.7,60.2,56.2,69,8.1,13.7,98.5,97.9,27,0),
('user_00991','2025-10-28 23:30','2025-10-29 06:59',449,11,20,93.1,47,'poor',16.2,63.3,15.6,5,61,53.2,67.6,12.9,13.9,95.9,94.6,20,1),
('user_01612','2025-10-29 23:30','2025-10-30 06:59',449,3,35,91.5,57,'fair',18.9,55.4,17.2,8.5,57.8,48.1,60.5,42.5,15.5,96.9,95.9,36,2),
('user_01087','2025-10-30 23:30','2025-10-31 08:11',541,0,23,95.7,58,'fair',16.7,54.4,13.9,15,69.8,65.2,72,45,14.9,98.4,97.9,32,0),
('user_01414','2025-10-31 23:30','2025-11-01 04:04',334,12,67,76.3,50,'fair',19.9,62.4,8,9.8,58.9,57.2,62.1,43.5,13.6,95.8,94.5,34,1),
('user_01789','2025-11-01 23:30','2025-11-02 08:35',525,9,1,98.1,58,'fair',18.3,53,11.1,17.6,67.3,59,77.8,30.3,15.7,98.9,98.9,34,2),
('user_00716','2025-11-02 23:30','2025-11-03 06:08',398,6,0,98.5,63,'fair',9.8,49.1,17.7,23.4,65.6,59.9,71,11.1,16.5,99.6,97,31,1),
('user_00899','2025-11-03 23:30','2025-11-04 07:47',477,5,27,93.3,62,'fair',21.4,44.7,27.6,6.4,69.3,66.5,72.6,28.1,17.7,97.9,96.9,28,0),
('user_00126','2025-11-04 23:30','2025-11-05 04:43',313,3,2,98.4,58,'fair',21.8,53.1,17.8,7.3,47.2,42.4,54.8,35.9,13.5,94.7,93.8,28,1),
('user_00443','2025-11-05 23:30','2025-11-06 07:32',462,1,2,99.4,65,'fair',24.7,40.9,26.2,8.2,73.8,67.2,85.3,26.2,11.3,97.3,95.8,29,2);


INSERT INTO activity_data (
    date,
    weekday,
    steps,
    distance,
    runDistance,
    calories
) VALUES
('2025-09-17','Wednesday',4948,3242,46,281),
('2025-09-18','Thursday',16573,12060,79,751),
('2025-09-19','Friday',18002,12916,29,737),
('2025-09-20','Saturday',4126,2981,11,207),
('2025-09-21','Sunday',3869,2651,0,244),
('2025-09-22','Monday',10004,7330,0,426),
('2025-09-23','Tuesday',14565,11022,55,616),
('2025-09-24','Wednesday',6295,4341,0,315),
('2025-09-25','Thursday',12424,10207,2968,587),
('2025-09-26','Friday',7964,5736,209,345),
('2025-09-27','Saturday',9518,7071,0,456),
('2025-09-28','Sunday',4088,3119,0,197),
('2025-09-29','Monday',1958,1266,0,134),
('2025-09-30','Tuesday',4534,2974,48,270),
('2025-10-01','Wednesday',2569,1661,0,198),
('2025-10-02','Thursday',10398,7728,64,500),
('2025-10-03','Friday',4276,2809,0,251),
('2025-10-04','Saturday',4591,3314,0,264),
('2025-10-05','Sunday',3164,2094,0,190),
('2025-10-06','Monday',5880,4415,46,253),
('2025-10-07','Tuesday',2499,1615,0,135),
('2025-10-08','Wednesday',7824,5584,65,387),
('2025-10-09','Thursday',9053,6697,18,431),
('2025-10-10','Friday',12367,8560,110,614),
('2025-10-11','Saturday',11307,8250,0,454),
('2025-10-12','Sunday',1531,990,0,119),
('2025-10-13','Monday',2585,1671,0,165),
('2025-10-14','Tuesday',12141,8997,106,529),
('2025-10-15','Wednesday',9159,6433,399,455),
('2025-10-16','Thursday',15682,11175,133,667),
('2025-10-17','Friday',16859,11675,698,698),
('2025-10-18','Saturday',1480,957,0,108),
('2025-10-19','Sunday',19521,13842,43,805),
('2025-10-20','Monday',4950,3603,0,214),
('2025-10-21','Tuesday',3575,2313,0,239),
('2025-10-22','Wednesday',11677,8641,0,535),
('2025-10-23','Thursday',3755,2918,0,187),
('2025-10-24','Friday',5117,3402,49,245),
('2025-10-25','Saturday',5896,3947,0,311),
('2025-10-26','Sunday',3294,2129,0,205),
('2025-10-27','Monday',7644,5372,0,366),
('2025-10-28','Tuesday',9196,6306,0,434),
('2025-10-29','Wednesday',11668,8231,0,482),
('2025-10-30','Thursday',4698,3037,19,290),
('2025-10-31','Friday',13407,9340,58,631),
('2025-11-01','Saturday',10886,7569,137,491),
('2025-11-02','Sunday',3912,2529,22,248),
('2025-11-03','Monday',9188,6839,0,381),
('2025-11-04','Tuesday',5231,3502,107,280),
('2025-11-05','Wednesday',13878,10191,82,603);


INSERT INTO wellbeing_data (
    user_id,
    age,
    gender,
    occupation,
    work_mode,
    screen_time_hours,
    work_screen_hours,
    leisure_screen_hours,
    sleep_hours,
    sleep_quality_1_5,
    stress_level_0_10,
    productivity_0_100,
    exercise_minutes_per_week,
    social_hours_per_week,
    mental_wellness_index_0_100
) VALUES
('user_00332',33,'Female','Employed','Remote',10.79,5.44,5.35,6.63,1,9.3,44.7,127,0.7,9.3),
('user_00677',28,'Female','Employed','In-person',7.4,0.37,7.03,8.05,3,5.7,78,74,2.1,56.2),
('user_01815',35,'Female','Employed','Hybrid',9.78,1.09,8.69,6.48,1,9.1,51.8,67,8,3.6),
('user_00488',42,'Male','Employed','Hybrid',11.13,0.56,10.57,6.89,1,10,37,0,5.7,0),
('user_00498',28,'Male','Student','Remote',13.22,4.09,9.13,5.79,1,10,38.5,143,10.1,0),
('user_01971',28,'Non-binary/Other','Self-employed','Hybrid',9.83,0.53,9.3,7.19,1,10,44,71,10.3,5),
('user_01609',42,'Non-binary/Other','Retired','Remote',6.02,2.82,3.2,7.44,2,6.1,64.8,141,4.7,43.7),
('user_01637',36,'Male','Employed','In-person',6.21,0.75,5.46,6.78,2,5.4,87,51,18.7,54.3),
('user_00093',26,'Male','Student','In-person',6.28,0.67,5.61,8.48,4,1.6,91.7,149,10.1,86.8),
('user_01063',34,'Male','Employed','Hybrid',9.37,0.84,8.53,7.78,2,10,42.2,50,12.7,10.7),
('user_01232',26,'Male','Student','Remote',9.87,3.02,6.85,6.4,1,8.8,55.9,87,6.2,21.8),
('user_01485',26,'Female','Unemployed','Hybrid',4.96,0.25,4.71,8.01,3,4.6,88.4,188,12.5,74.3),
('user_01013',31,'Female','Student','Remote',12.55,6.8,5.75,6.96,1,10,33,139,11.3,0),
('user_00304',16,'Female','Employed','Remote',7.86,4.33,3.53,7.59,2,6.3,70.7,102,8.6,40.9),
('user_00629',16,'Male','Employed','Hybrid',9.07,0.79,8.28,5.54,1,10,53.2,0,0,10.7),
('user_00746',25,'Male','Employed','Hybrid',13.49,2.82,10.67,7.13,1,10,37.6,284,2.8,0),
('user_01490',21,'Female','Employed','In-person',8.86,0.82,8.04,6.53,1,10,60.3,223,13.1,10.5),
('user_01637',32,'Male','Self-employed','Hybrid',7.13,0.82,6.31,7.06,1,7,49,167,11.6,29.5),
('user_01990',22,'Male','Student','Hybrid',8.18,0.7,7.48,9.2,3,4.2,85.1,52,11.2,68.9),
('user_00308',18,'Female','Student','Remote',10.26,5.73,4.53,6.98,1,9.4,52,82,1.5,10.8),
('user_00959',41,'Female','Student','Remote',10.14,3.29,6.85,6.68,1,10,48.1,65,2.8,0),
('user_00722',28,'Male','Unemployed','Remote',7.52,2.89,4.63,5.49,1,8.1,53.1,200,13.2,18.2),
('user_00494',30,'Male','Self-employed','In-person',7.67,1.65,6.02,8.36,3,5.1,76.4,130,8.9,53.5),
('user_00100',18,'Male','Employed','Remote',5.74,2.33,3.41,6.34,1,3.7,77.3,63,17.6,48.7),
('user_00089',25,'Male','Employed','In-person',8.93,0.45,8.48,6.21,1,9.8,50.3,69,8.5,0.7),
('user_01145',30,'Male','Employed','Hybrid',7.05,0.8,6.25,7.08,1,10,51,194,8.6,1.8),
('user_00711',20,'Male','Student','Remote',11.3,5.17,6.13,7.74,2,10,53.3,197,7.4,4.6),
('user_00415',33,'Male','Unemployed','In-person',6.61,0.33,6.28,8.06,2,7,60,227,3.5,42.8),
('user_01523',25,'Male','Employed','Hybrid',7.43,0.73,6.7,7.11,2,7.6,61.1,164,0,28.9),
('user_00885',27,'Female','Employed','In-person',9.57,0.48,9.09,7.18,1,10,38,81,9.1,0.9),
('user_00291',25,'Female','Employed','In-person',6.37,0.78,5.59,6.91,1,8.5,52.1,0,8.9,11.1),
('user_01601',44,'Female','Student','Remote',14.35,7.54,6.81,6.5,1,10,42.6,100,5.1,0),
('user_00395',29,'Male','Student','Remote',6.89,1.25,5.64,7.42,1,7,60.3,116,0.2,17.2),
('user_01819',21,'Male','Employed','Hybrid',11.38,0.57,10.81,7.38,1,9.9,57,95,11.4,2.4),
('user_01774',36,'Male','Student','In-person',13.05,0.65,12.4,7.28,1,10,39.6,86,4.2,0),
('user_01060',20,'Female','Employed','Remote',7.47,3.01,4.46,7.57,1,8.4,53.6,15,14.3,14.8),
('user_00870',31,'Female','Student','Hybrid',9.93,1.89,8.04,6.63,1,9.5,45.7,138,15.2,2.2),
('user_01982',16,'Female','Employed','Hybrid',8.08,1.25,6.83,7.64,3,6.5,68.1,147,0,57.6),
('user_00820',19,'Female','Employed','In-person',7.88,0.39,7.49,7.03,1,9,49.8,153,7.6,17.7),
('user_01386',31,'Male','Employed','Remote',8.81,3.92,4.89,6.22,1,10,51.6,172,5.7,12.5),
('user_01037',35,'Female','Employed','In-person',5.65,0.36,5.29,7.28,2,7.2,67.4,169,19.4,35.2),
('user_00991',31,'Female','Employed','In-person',9.31,0.65,8.66,7.08,2,8.4,51.7,74,1.1,30.4),
('user_01612',29,'Male','Employed','Remote',7.72,5.52,2.2,7.96,3,3.8,77.7,106,17.5,62.2),
('user_01087',27,'Female','Employed','Remote',11.81,4.64,7.17,6.45,1,10,37.6,92,3.5,0),
('user_01414',18,'Female','Employed','In-person',6.71,0.74,5.97,6.31,1,7.4,58.8,119,8,23.3),
('user_01789',24,'Male','Unemployed','Remote',6.1,1.57,4.53,7.47,1,4.1,79.6,188,8,53),
('user_00716',26,'Female','Employed','In-person',7.46,1.45,6.01,7.33,2,8.9,49.2,156,8.4,23.7),
('user_00899',38,'Male','Student','Remote',14.22,7.52,6.7,6.5,1,10,34.8,222,13.9,0),
('user_00126',32,'Male','Student','Remote',9.93,3.77,6.16,7.67,2,9.3,52.8,254,0.5,18.5),
('user_00443',16,'Male','Employed','In-person',13.29,0.99,12.3,7.08,1,10,27.1,77,9.2,0);


INSERT INTO daily_mood_log (
date, 
time, 
sub_mood, 
activities, 
mood, 
rating) VALUES
('2025-09-17','8:00 PM','yolo','reading | Art | prayer | fasting | walk | meditation | shower | writing | Watching series | good meal | reddit | language learning | streaming | youtube | cooking | travel | cleaning | new things | power nap | Documentary | penpal | coding','Good',4),
('2025-09-18','2:37 AM','focused','reading | learning | Art | prayer | fasting | walk | meditation | shower | Audio books | writing | Watching series | good meal | reddit | language learning | shave | streaming | youtube | cooking | cleaning | research | new things | power nap | repair | Documentary | penpal | coding | Tutorial','Good',4),
('2025-09-19','2:39 AM','confused','reading | learning | prayer | fasting | Quran | walk | meditation | shower | podcast | Audio books | writing | Watching series | good meal | reddit | language learning | streaming | youtube | cooking | research | new things | designing | repair | Documentary | penpal | coding | Tutorial','Normal',3),
('2025-09-20','2:38 AM','wondering','reading | learning | Art | prayer | fasting | walk | meditation | Audio books | writing | Watching series | News Update | good meal | reddit | language learning | shave | streaming | youtube | cooking | research | new things | power nap | Documentary | penpal | coding | Tutorial','Normal',3),
('2025-09-21','9:52 PM','angry','reading | learning | fasting | walk | meditation | shower | writing | Watching series | good meal | reddit | language learning | streaming | youtube | cooking | cleaning | research | new things | power nap | Documentary | penpal | coding | Tutorial','Awful',1),
('2025-09-22','12:21 AM','wondering','reading | learning | prayer | fasting | walk | meditation | shower | Audio books | writing | good meal | reddit | language learning | streaming | youtube | cooking | cleaning | research | new things | power nap | Documentary | penpal | coding | Tutorial','Normal',3),
('2025-09-23','12:20 AM','blessed','reading | learning | prayer | walk | meditation | shower | writing | Watching series | good meal | reddit | language learning | streaming | youtube | cooking | travel | research | new things | power nap | penpal | coding | Tutorial','Good',4),
('2025-09-24','12:20 AM','yolo','reading | learning | prayer | fasting | walk | meditation | shower | writing | Watching series | News Update | good meal | reddit | language learning | streaming | youtube | cooking | travel | new things | power nap | Email | Documentary | penpal | coding | Tutorial','Good',4),
('2025-09-25','11:07 PM','excited','reading | learning | Art | meditation | shower | writing | Watching series | good meal | reddit | language learning | streaming | youtube | cooking | cleaning | research | new things | power nap | Documentary | penpal | coding | Tutorial','Amazing',5),
('2025-09-26','9:02 PM','yolo','reading | learning | fasting | walk | meditation | Audio books | writing | Watching series | good meal | reddit | trimming | streaming | youtube | cooking | cleaning | new things | power nap | Documentary | penpal | coding | Tutorial','Good',4),
('2025-09-27','9:33 PM','focused','reading | learning | prayer | fasting | walk | meditation | shower | Audio books | writing | Watching series | good meal | reddit | language learning | Poetry | streaming | youtube | cooking | cleaning | new things | designing | penpal | coding | Tutorial','Good',4),
('2025-09-28','2:06 PM','Chill','reading | learning | prayer | fasting | walk | meditation | shower | Audio books | writing | Watching series | News Update | good meal | reddit | language learning | trimming | streaming | youtube | cooking | research | new things | power nap | Documentary | penpal | coding | Tutorial','Good',4),
('2025-09-29','9:06 PM','focused','reading | Write dairy | prayer | fasting | walk | meditation | shower | Audio books | writing | Watching series | good meal | reddit | language learning | yoga | streaming | youtube | cooking | research | new things | power nap | Documentary | penpal | coding | Tutorial','Good',4),
('2025-09-30','9:20 PM','focused','reading | learning | prayer | fasting | walk | meditation | shower | Audio books | writing | Watching series | good meal | reddit | language learning | streaming | youtube | cooking | travel | research | new things | power nap | Documentary | penpal | coding | Tutorial','Good',4),
('2025-10-01','9:12 PM','excited','reading | learning | Art | prayer | fasting | walk | meditation | shower | Audio books | writing | Watching series | good meal | reddit | language learning | Poetry | streaming | youtube | cooking | travel | cleaning | research | new things | power nap | designing | Documentary | penpal | coding | Tutorial','Amazing',5),
('2025-10-02','10:40 PM','focused','reading | Art | prayer | fasting | walk | meditation | writing | Watching series | reddit | language learning | streaming | youtube | cooking | cleaning | research | new things | power nap | Documentary | penpal | coding | Tutorial','Good',4),
('2025-10-03','10:31 PM','yolo','reading | learning | Art | prayer | fasting | walk | meditation | shower | Audio books | writing | Watching series | good meal | reddit | language learning | Poetry | streaming | youtube | cooking | research | new things | songs | designing | Documentary | penpal | coding | Tutorial','Good',4),
('2025-10-04','9:20 PM','wondering','reading | learning | Art | prayer | fasting | walk | meditation | Audio books | writing | Watching series | language learning | trimming | streaming | youtube | cooking | research | new things | power nap | songs | Documentary | penpal | coding | Tutorial','Normal',3),
('2025-10-05','9:10 PM','focused','reading | learning | prayer | fasting | walk | meditation | shower | podcast | Audio books | writing | Watching series | reddit | language learning | streaming | youtube | cooking | travel | new things | power nap | songs | Documentary | penpal | coding | Tutorial','Good',4),
('2025-10-06','8:37 PM','blessed','reading | Write dairy | prayer | fasting | Quran | walk | meditation | shower | Audio books | writing | Watching series | News Update | good meal | reddit | language learning | youtube | cooking | cleaning | research | new things | power nap | Documentary | penpal | coding | Tutorial | jobs','Good',4),
('2025-10-07','9:00 PM','hungry','reading | Art | fasting | walk | meditation | writing | Watching series | good meal | reddit | language learning | streaming | youtube | cooking | cleaning | research | new things | power nap | songs | Documentary | penpal | coding | Tutorial','Good',4),
('2025-10-08','9:33 PM','happiest day','reading | learning | Art | prayer | fasting | walk | meditation | shower | Audio books | writing | Watching series | good meal | reddit | language learning | streaming | youtube | cooking | cleaning | research | new things | power nap | repair | Documentary | penpal | coding | Tutorial','Amazing',5),
('2025-10-09','12:16 AM','wondering','reading | learning | Art | prayer | fasting | walk | meditation | shower | podcast | Audio books | writing | Watching series | good meal | reddit | language learning | shave | streaming | youtube | cooking | cleaning | research | new things | power nap | songs | Documentary | penpal | coding | Tutorial','Normal',3),
('2025-10-10','9:41 PM','focused','reading | learning | Art | prayer | fasting | walk | meditation | shower | podcast | Audio books | writing | Watching series | good meal | language learning | streaming | youtube | cooking | travel | research | new things | power nap | Documentary | penpal | coding | Tutorial','Good',4),
('2025-10-11','10:56 PM','yolo','reading | learning | Art | prayer | fasting | walk | meditation | shower | writing | Watching series | good meal | reddit | language learning | streaming | youtube | cleaning | research | new things | power nap | Documentary | penpal | coding | Tutorial','Good',4),
('2025-10-12','9:00 PM','focused','reading | learning | walk | meditation | shower | writing | Watching series | good meal | reddit | language learning | streaming | youtube | movies | cooking | research | new things | power nap | Documentary | penpal | coding | Tutorial','Good',4),
('2025-10-13','3:42 AM','weak','reading | prayer | fasting | walk | meditation | shower | Audio books | writing | Watching series | News Update | good meal | reddit | language learning | streaming | youtube | cooking | research | new things | power nap | Documentary | penpal | coding | Tutorial','Normal',3),
('2025-10-14','3:42 AM','yolo','reading | learning | prayer | fasting | walk | meditation | shower | writing | Watching series | good meal | reddit | language learning | shave | streaming | youtube | cooking | travel | power nap | songs | Documentary | penpal | coding | Tutorial','Good',4),
('2025-10-15','3:41 AM','blessed','reading | learning | prayer | fasting | Quran | walk | meditation | shower | podcast | Audio books | writing | Watching series | News Update | good meal | reddit | language learning | streaming | youtube | cooking | research | new things | power nap | Documentary | penpal | coding | Tutorial','Good',4),
('2025-10-16','3:39 AM','focused','reading | prayer | fasting | walk | meditation | shower | Audio books | writing | Watching series | good meal | reddit | language learning | streaming | youtube | movies | cleaning | research | new things | power nap | songs | Documentary | penpal | coding | Tutorial','Good',4),
('2025-10-17','10:04 PM','focused','reading | learning | prayer | fasting | Exercise | walk | meditation | shower | Audio books | writing | Watching series | News Update | reddit | language learning | streaming | youtube | cooking | research | new things | power nap | Documentary | penpal | coding | Tutorial','Good',4),
('2025-10-18','9:04 PM','weak','reading | learning | Art | prayer | walk | meditation | shower | writing | Watching series | News Update | good meal | reddit | language learning | shave | streaming | youtube | cooking | research | new things | power nap | Documentary | penpal | coding| Tutorial','Good',4);

SELECT* FROM activity_data;
SELECT*FROM daily_mood_log;
SELECT*FROM sleep_data;
SELECT*FROM wellbeing_data;


